{
    "homeMenu":"الرئيسية",
    "aboutmenu":"عن صحتنا",
    "contactmenu":"تواصل معنا",
    "Inmenu":"المبادرة",
    "healthmeny":"التمكين الصحي",
    "newsMenu":"لأخبار والفعاليات",
    "pubMenu":"التقارير",
    "carrerMenu":"الوظائف",
    "phone":"٠٢٢٢٦٨٢٥٩٥",
    "copyRight":".حقوق النشر  © 2021 صحتنا.كل الحقوق محفوظة",
    "navBtn":"تعاون معانا",
    "formtitle":"نموذج التعاون",
    "namePlace":"الاسم :",
    "ageplace":"العمر",
    "selectplace":"اختر ...",
    "maleplace":"ذكر",
    "femaleplace":"انثي",
    "phonePlace":"رقم الهاتف :",
    "emailPlace":"البريد الالكتروني :",
    "msgPlace":"مجالات التعاون المقترحة :",
    "aboutTitle":"عن",
    "aboutspan":"صحتنا",
    "activityTitle":"الانشطة",
    "buttonLearn":"اعرف المزيد",
    "methologyTitle":"منهج العمل",
    "subscribe":"اشترك في نشرتنا الاخبارية",
    "subscripeDec":"اشترك في النشرة الإخبارية الشهرية لتصلك آخر الأخبار والعروض على عنوان بريدك الإلكتروني",
    "subscripeHolder":"البريد الالكتروني",
    "subscribeTitle":"اشترك",
    "socialMedia":"تابع صحتنا على مواقع التواصل الاجتماعي",
    "projectMenu":"المشاريع",
    "newsTitle":"الأخبار و الأحداث",
    "newsBtn":"عرض كل الاخبار",
    "latestPro":"اخر مشروع",
    "projectBtn":"عرض كل المشاريع",
    "factsTitle":"حقائق و أرقام",
    "how":"كيف",
    "start":"بدأت",
    "objectives":"الأهداف",
    "partner":"الشركاء",
    "board":"مجلس الأمناء",
    "news":"الأخبار",
    "fitness":"المحاور الثلاثة لمبادرة مفيش مستحيل",
    "ngo":"تمكين قطاع الرعاية الصحية"


}
