{
    "homeMenu":"HOME",
    "aboutmenu":"ABOUT US",
    "contactmenu":"CONTACT US",
    "Inmenu":"INITIATIVE",
    "healthmeny":"HEALTHCARE EMPOWERMENT",
    "newsMenu":"NEWS AND EVENTS",
    "pubMenu":"PUBLICATIONS",
    "carrerMenu":"CAREERS",
    "phone":"02 22682595",
    "copyRight":"Copyright © 2023 SEHETNA. All rights Reserved.",
    "navBtn":"COLLABORATE WITH US",
    "formtitle":"Collaboration Form",
    "namePlace":"Name :",
    "ageplace":"Age :",
    "selectplace":"Choose ...",
    "maleplace":"male",
    "femaleplace":"female",
    "phonePlace":"Phone",
    "emailPlace":"Email :",
    "msgPlace":"Proposed Areas Of Collaboration",
    "aboutTitle":"About",
    "aboutspan":"Sehetna",
    "activityTitle":"ACTIVITIES",
    "buttonLearn":"Learn More",
    "methologyTitle":"METHODOLOGY",
    "subscribe":"SUBSCRIBE TO OUR NEWSLETTER",
    "subscripeDec":"Subscribe to our monthly newsletters to recieve the latest news and offers to your email address",
    "subscripeHolder":"email address",
    "subscribeTitle":"SUBSCRIBE",
    "socialMedia":"FOLLOW SEHETNA ON SOCIAL MEDIA",
    "projectMenu":"PROJECTS",
    "newsTitle":"NEWS & EVENTS",
    "newsBtn":"View all news",
    "latestPro":"LATEST PROJECT",
    "projectBtn":"View all projects",
    "factsTitle":"FACTS & FIGURES",
    "how":"How",
    "start":"STARTED",
    "objectives":"OBJECTIVES",
    "partner":"PARTNERS",
    "board":"BOARD OF TRUSTEES",
    "news":"NEWS",
    "fitness":"NUTRITION, MINDFULNESS & FITNESS",
    "ngo":"THE NGO"
}